Metrica,Inicial,Optimizado,Mejora,Mejora (%)
Total Movimientos,353,399,-46,-13.031161473087819
Cambios de Piso,283,271,12,4.240282685512367
Distancia Total,2827,2319,508,17.969579059073222
